{"gradients/mlp.1.bias": {"_type": "histogram", "values": [0.0, 0.0, 0.0, 0.0, 0.0, 0.0, 0.0, 0.0, 0.0, 0.0, 0.0, 0.0, 0.0, 0.0, 0.0, 0.0, 0.0, 0.0, 0.0, 0.0, 0.0, 0.0, 0.0, 0.0, 0.0, 0.0, 0.0, 0.0, 0.0, 0.0, 0.0, 0.0, 1.0, 0.0, 0.0, 0.0, 0.0, 0.0, 0.0, 0.0, 0.0, 0.0, 0.0, 0.0, 0.0, 0.0, 0.0, 0.0, 0.0, 0.0, 0.0, 0.0, 0.0, 0.0, 0.0, 0.0, 0.0, 0.0, 0.0, 0.0, 0.0, 0.0, 0.0, 0.0], "bins": [0.27795499563217163, 0.27795499563217163, 0.27795499563217163, 0.27795499563217163, 0.27795499563217163, 0.27795499563217163, 0.27795499563217163, 0.27795499563217163, 0.27795499563217163, 0.27795499563217163, 0.27795499563217163, 0.27795499563217163, 0.27795499563217163, 0.27795499563217163, 0.27795499563217163, 0.27795499563217163, 0.27795499563217163, 0.27795499563217163, 0.27795499563217163, 0.27795499563217163, 0.27795499563217163, 0.27795499563217163, 0.27795499563217163, 0.27795499563217163, 0.27795499563217163, 0.27795499563217163, 0.27795499563217163, 0.27795499563217163, 0.27795499563217163, 0.27795499563217163, 0.27795499563217163, 0.27795499563217163, 0.27795499563217163, 0.27795499563217163, 0.27795499563217163, 0.27795499563217163, 0.27795499563217163, 0.27795499563217163, 0.27795499563217163, 0.27795499563217163, 0.27795499563217163, 0.27795499563217163, 0.27795499563217163, 0.27795499563217163, 0.27795499563217163, 0.27795499563217163, 0.27795499563217163, 0.27795499563217163, 0.27795499563217163, 0.27795499563217163, 0.27795499563217163, 0.27795499563217163, 0.27795499563217163, 0.27795499563217163, 0.27795499563217163, 0.27795499563217163, 0.27795499563217163, 0.27795499563217163, 0.27795499563217163, 0.27795499563217163, 0.27795499563217163, 0.27795499563217163, 0.27795499563217163, 0.27795499563217163, 0.27795499563217163]}, "_timestamp": 1674216723.6139011, "gradients/mlp.1.weight": {"_type": "histogram", "values": [1.0, 0.0, 0.0, 1.0, 0.0, 1.0, 2.0, 0.0, 1.0, 1.0, 0.0, 1.0, 4.0, 1.0, 1.0, 1.0, 4.0, 4.0, 7.0, 3.0, 1.0, 6.0, 4.0, 5.0, 5.0, 6.0, 7.0, 4.0, 13.0, 11.0, 11.0, 9.0, 14.0, 6.0, 4.0, 6.0, 8.0, 5.0, 8.0, 17.0, 4.0, 5.0, 6.0, 11.0, 10.0, 4.0, 5.0, 6.0, 3.0, 2.0, 2.0, 2.0, 2.0, 2.0, 0.0, 1.0, 1.0, 1.0, 2.0, 1.0, 2.0, 0.0, 0.0, 1.0], "bins": [-0.06228378415107727, -0.060473136603832245, -0.05866249278187752, -0.05685184523463249, -0.055041201412677765, -0.05323055386543274, -0.051419906318187714, -0.04960925877094269, -0.04779861494898796, -0.045987967401742935, -0.04417732357978821, -0.04236667603254318, -0.04055602848529816, -0.03874538466334343, -0.036934737116098404, -0.03512409329414368, -0.03331344574689865, -0.031502798199653625, -0.0296921543776989, -0.027881506830453873, -0.026070861145853996, -0.02426021546125412, -0.022449567914009094, -0.020638922229409218, -0.01882827654480934, -0.017017630860209465, -0.015206984244287014, -0.013396337628364563, -0.011585691943764687, -0.00977504625916481, -0.00796439964324236, -0.006153753027319908, -0.004343107342720032, -0.002532461192458868, -0.0007218150421977043, 0.0010888311080634594, 0.002899477258324623, 0.0047101229429244995, 0.0065207695588469505, 0.008331416174769402, 0.010142061859369278, 0.011952707543969154, 0.013763354159891605, 0.015574000775814056, 0.017384646460413933, 0.01919529214501381, 0.021005939692258835, 0.02281658537685871, 0.024627231061458588, 0.026437876746058464, 0.02824852243065834, 0.030059169977903366, 0.03186981379985809, 0.03368046134710312, 0.035491108894348145, 0.03730175644159317, 0.0391124002635479, 0.04092304781079292, 0.04273369163274765, 0.044544339179992676, 0.0463549867272377, 0.04816563054919243, 0.049976278096437454, 0.05178692191839218, 0.05359756946563721]}, "gradients/mlp.0.bias": {"_type": "histogram", "values": [3.0, 4.0, 9.0, 3.0, 2.0, 5.0, 2.0, 9.0, 4.0, 2.0, 2.0, 6.0, 6.0, 2.0, 3.0, 6.0, 4.0, 3.0, 5.0, 6.0, 0.0, 2.0, 3.0, 4.0, 5.0, 2.0, 3.0, 2.0, 7.0, 6.0, 4.0, 3.0, 5.0, 4.0, 7.0, 6.0, 3.0, 6.0, 2.0, 6.0, 3.0, 4.0, 3.0, 3.0, 5.0, 2.0, 9.0, 5.0, 2.0, 6.0, 3.0, 5.0, 5.0, 3.0, 4.0, 3.0, 0.0, 2.0, 4.0, 4.0, 4.0, 6.0, 4.0, 1.0], "bins": [-0.01742323860526085, -0.01688304916024208, -0.016342859715223312, -0.015802668407559395, -0.015262478962540627, -0.014722289517521858, -0.014182099141180515, -0.013641908764839172, -0.013101719319820404, -0.012561529874801636, -0.012021339498460293, -0.01148114912211895, -0.010940959677100182, -0.010400770232081413, -0.00986057985574007, -0.009320389479398727, -0.008780200034379959, -0.00824001058936119, -0.007699820213019848, -0.007159630302339792, -0.006619440391659737, -0.006079250480979681, -0.005539060570299625, -0.00499887065961957, -0.004458680748939514, -0.0039184908382594585, -0.003378300927579403, -0.0028381110168993473, -0.0022979211062192917, -0.001757731195539236, -0.0012175412848591805, -0.0006773513741791248, -0.00013716146349906921, 0.0004030284471809864, 0.000943218357861042, 0.0014834082685410976, 0.0020235981792211533, 0.002563788089901209, 0.0031039780005812645, 0.00364416791126132, 0.004184357821941376, 0.004724547732621431, 0.005264737643301487, 0.005804927553981543, 0.006345117464661598, 0.006885307375341654, 0.0074254972860217094, 0.007965687662363052, 0.00850587710738182, 0.009046066552400589, 0.009586256928741932, 0.010126447305083275, 0.010666636750102043, 0.011206826195120811, 0.011747016571462154, 0.012287206947803497, 0.012827396392822266, 0.013367585837841034, 0.013907776214182377, 0.01444796659052372, 0.014988156035542488, 0.015528345480561256, 0.016068536788225174, 0.016608726233243942, 0.01714891567826271]}, "gradients/mlp.0.weight": {"_type": "histogram", "values": [3.0, 7.0, 13.0, 14.0, 10.0, 32.0, 36.0, 86.0, 95.0, 79.0, 97.0, 147.0, 210.0, 271.0, 321.0, 455.0, 574.0, 728.0, 865.0, 1071.0, 1322.0, 1646.0, 2188.0, 2676.0, 3250.0, 4048.0, 5158.0, 6466.0, 8103.0, 10190.0, 13847.0, 23607.0, 35312.0, 17008.0, 11934.0, 9149.0, 7316.0, 5824.0, 4630.0, 3578.0, 2944.0, 2367.0, 1918.0, 1444.0, 1142.0, 933.0, 770.0, 604.0, 499.0, 395.0, 303.0, 233.0, 170.0, 130.0, 98.0, 88.0, 74.0, 39.0, 40.0, 22.0, 13.0, 10.0, 4.0, 2.0], "bins": [-0.00737037044018507, -0.007141859270632267, -0.006913348566740751, -0.006684837397187948, -0.0064563266932964325, -0.0062278155237436295, -0.005999304354190826, -0.005770793650299311, -0.005542282480746508, -0.005313771311193705, -0.005085260607302189, -0.004856749437749386, -0.00462823873385787, -0.004399727564305067, -0.004171216860413551, -0.003942705690860748, -0.003714194754138589, -0.0034856838174164295, -0.00325717288069427, -0.0030286619439721107, -0.0028001507744193077, -0.0025716398376971483, -0.002343128900974989, -0.002114617731422186, -0.0018861070275306702, -0.0016575960908085108, -0.0014290850376710296, -0.0012005741009488702, -0.0009720631060190499, -0.0007435521110892296, -0.0005150411743670702, -0.000286530121229589, -5.801906809210777e-05, 0.0001704919122857973, 0.00039900289266370237, 0.0006275138584896922, 0.0008560248534195125, 0.0010845358483493328, 0.0013130467850714922, 0.0015415578382089734, 0.0017700688913464546, 0.001998579828068614, 0.0022270907647907734, 0.0024556019343435764, 0.002684112871065736, 0.002912623807787895, 0.0031411347445100546, 0.003369645681232214, 0.0035981566179543734, 0.0038266675546765327, 0.004055178724229336, 0.0042836894281208515, 0.0045122005976736546, 0.00474071130156517, 0.004969222471117973, 0.005197733640670776, 0.005426244344562292, 0.005654755514115095, 0.005883266218006611, 0.006111777387559414, 0.00634028809145093, 0.006568799261003733, 0.006797309964895248, 0.0070258211344480515, 0.0072543323040008545]}, "gradients/model.encoder.final_layer_norm.weight": {"_type": "histogram", "values": [1.0, 2.0, 3.0, 5.0, 6.0, 11.0, 20.0, 43.0, 122.0, 294.0, 133.0, 54.0, 29.0, 22.0, 9.0, 4.0, 4.0, 2.0, 0.0, 0.0, 2.0, 0.0, 0.0, 0.0, 0.0, 0.0, 0.0, 0.0, 0.0, 0.0, 0.0, 0.0, 0.0, 0.0, 0.0, 0.0, 0.0, 0.0, 0.0, 0.0, 0.0, 0.0, 0.0, 0.0, 0.0, 0.0, 0.0, 0.0, 0.0, 1.0, 0.0, 0.0, 0.0, 0.0, 0.0, 0.0, 0.0, 0.0, 0.0, 0.0, 0.0, 0.0, 0.0, 1.0],