{"gradients/mlp.1.bias": {"_type": "histogram", "values": [0.0, 0.0, 0.0, 0.0, 0.0, 0.0, 0.0, 0.0, 0.0, 0.0, 0.0, 0.0, 0.0, 0.0, 0.0, 0.0, 0.0, 0.0, 0.0, 0.0, 0.0, 0.0, 0.0, 0.0, 0.0, 0.0, 0.0, 0.0, 0.0, 0.0, 0.0, 0.0, 1.0, 0.0, 0.0, 0.0, 0.0, 0.0, 0.0, 0.0, 0.0, 0.0, 0.0, 0.0, 0.0, 0.0, 0.0, 0.0, 0.0, 0.0, 0.0, 0.0, 0.0, 0.0, 0.0, 0.0, 0.0, 0.0, 0.0, 0.0, 0.0, 0.0, 0.0, 0.0], "bins": [0.09992674738168716, 0.09992674738168716, 0.09992674738168716, 0.09992674738168716, 0.09992674738168716, 0.09992674738168716, 0.09992674738168716, 0.09992674738168716, 0.09992674738168716, 0.09992674738168716, 0.09992674738168716, 0.09992674738168716, 0.09992674738168716, 0.09992674738168716, 0.09992674738168716, 0.09992674738168716, 0.09992674738168716, 0.09992674738168716, 0.09992674738168716, 0.09992674738168716, 0.09992674738168716, 0.09992674738168716, 0.09992674738168716, 0.09992674738168716, 0.09992674738168716, 0.09992674738168716, 0.09992674738168716, 0.09992674738168716, 0.09992674738168716, 0.09992674738168716, 0.09992674738168716, 0.09992674738168716, 0.09992674738168716, 0.09992674738168716, 0.09992674738168716, 0.09992674738168716, 0.09992674738168716, 0.09992674738168716, 0.09992674738168716, 0.09992674738168716, 0.09992674738168716, 0.09992674738168716, 0.09992674738168716, 0.09992674738168716, 0.09992674738168716, 0.09992674738168716, 0.09992674738168716, 0.09992674738168716, 0.09992674738168716, 0.09992674738168716, 0.09992674738168716, 0.09992674738168716, 0.09992674738168716, 0.09992674738168716, 0.09992674738168716, 0.09992674738168716, 0.09992674738168716, 0.09992674738168716, 0.09992674738168716, 0.09992674738168716, 0.09992674738168716, 0.09992674738168716, 0.09992674738168716, 0.09992674738168716, 0.09992674738168716]}, "_timestamp": 1674218149.297577, "gradients/mlp.1.weight": {"_type": "histogram", "values": [1.0, 0.0, 0.0, 0.0, 0.0, 0.0, 0.0, 0.0, 0.0, 1.0, 0.0, 1.0, 1.0, 1.0, 2.0, 2.0, 1.0, 2.0, 2.0, 4.0, 2.0, 3.0, 5.0, 2.0, 2.0, 6.0, 5.0, 3.0, 9.0, 4.0, 7.0, 16.0, 10.0, 8.0, 5.0, 12.0, 12.0, 9.0, 10.0, 10.0, 6.0, 8.0, 5.0, 8.0, 3.0, 7.0, 12.0, 9.0, 4.0, 7.0, 7.0, 4.0, 2.0, 1.0, 0.0, 4.0, 1.0, 4.0, 1.0, 1.0, 1.0, 1.0, 0.0, 2.0], "bins": [-0.021816397085785866, -0.02122720330953598, -0.020638007670640945, -0.02004881389439106, -0.019459620118141174, -0.01887042447924614, -0.018281230702996254, -0.01769203692674637, -0.017102841287851334, -0.016513647511601448, -0.015924451872706413, -0.015335258096456528, -0.014746063388884068, -0.014156868681311607, -0.013567674905061722, -0.012978480197489262, -0.012389285489916801, -0.011800090782344341, -0.011210896074771881, -0.010621702298521996, -0.010032507590949535, -0.009443312883377075, -0.00885411910712719, -0.00826492439955473, -0.007675729691982269, -0.007086534984409809, -0.006497340742498636, -0.005908146500587463, -0.005318951793015003, -0.004729757085442543, -0.00414056284353137, -0.0035513686016201973, -0.002962173894047737, -0.0023729794193059206, -0.001783784944564104, -0.0011945904698222876, -0.000605395995080471, -1.6201520338654518e-05, 0.000572992954403162, 0.0011621871963143349, 0.001751381903886795, 0.0023405763786286116, 0.002929770853370428, 0.0035189653281122446, 0.004108159802854061, 0.004697354510426521, 0.005286548752337694, 0.005875742994248867, 0.006464937701821327, 0.007054132409393787, 0.00764332665130496, 0.008232520893216133, 0.008821715600788593, 0.009410910308361053, 0.010000104084610939, 0.0105892987921834, 0.01117849349975586, 0.01176768820732832, 0.01235688291490078, 0.012946076691150665, 0.013535271398723125, 0.014124466106295586, 0.014713659882545471, 0.015302854590117931, 0.01589204929769039]}, "gradients/mlp.0.bias": {"_type": "histogram", "values": [3.0, 1.0, 2.0, 1.0, 2.0, 2.0, 5.0, 2.0, 3.0, 4.0, 3.0, 4.0, 4.0, 3.0, 6.0, 0.0, 5.0, 8.0, 1.0, 2.0, 4.0, 5.0, 4.0, 7.0, 5.0, 7.0, 3.0, 2.0, 5.0, 4.0, 9.0, 4.0, 6.0, 5.0, 5.0, 8.0, 11.0, 7.0, 5.0, 3.0, 5.0, 4.0, 5.0, 2.0, 1.0, 3.0, 5.0, 4.0, 5.0, 2.0, 4.0, 7.0, 4.0, 3.0, 9.0, 4.0, 3.0, 4.0, 6.0, 3.0, 2.0, 0.0, 0.0, 1.0], "bins": [-0.006568144541233778, -0.006354041863232851, -0.006139939185231924, -0.005925836507230997, -0.00571173382923007, -0.005497631151229143, -0.005283528473228216, -0.005069425795227289, -0.004855323117226362, -0.004641220439225435, -0.004427117761224508, -0.004213015083223581, -0.003998912405222654, -0.0037848097272217274, -0.0035707070492208004, -0.0033566043712198734, -0.003142501460388303, -0.002928398782387376, -0.002714296104386449, -0.002500193426385522, -0.002286090748384595, -0.0020719878375530243, -0.0018578852759674191, -0.0016437825979664922, -0.0014296798035502434, -0.0012155771255493164, -0.0010014744475483894, -0.0007873717113398015, -0.0005732690333388746, -0.0003591662971302867, -0.00014506361912935972, 6.903905887156725e-05, 0.0002831416204571724, 0.0004972442984580994, 0.0007113469764590263, 0.0009254497126676142, 0.0011395523324608803, 0.001353655126877129, 0.001567757804878056, 0.001781860482878983, 0.001995963044464588, 0.002210065722465515, 0.002424168400466442, 0.002638271078467369, 0.002852373756468296, 0.003066476434469223, 0.00328057911247015, 0.003494681790471077, 0.0037087847013026476, 0.003922887612134218, 0.004136990290135145, 0.004351092968136072, 0.004565195646136999, 0.004779298324137926, 0.004993401002138853, 0.00520750368013978, 0.005421606358140707, 0.005635709036141634, 0.005849811714142561, 0.006063914392143488, 0.006278017070144415, 0.006492119748145342, 0.006706222426146269, 0.006920325104147196, 0.007134427782148123]}, "gradients/mlp.0.weight": {"_type": "histogram", "values": [1.0, 0.0, 0.0, 2.0, 4.0, 6.0, 4.0, 10.0, 14.0, 23.0, 14.0, 23.0, 47.0, 41.0, 48.0, 90.0, 109.0, 160.0, 216.0, 315.0, 431.0, 604.0, 854.0, 1178.0, 1553.0, 2106.0, 2923.0, 4078.0, 5320.0, 7550.0, 10698.0, 16183.0, 26260.0, 45748.0, 21465.0, 14251.0, 9521.0, 6597.0, 4711.0, 3453.0, 2638.0, 1978.0, 1498.0, 1030.0, 761.0, 586.0, 396.0, 323.0, 171.0, 161.0, 120.0, 83.0, 69.0, 59.0, 30.0, 24.0, 28.0, 19.0, 8.0, 5.0, 2.0, 4.0, 1.0, 3.0], "bins": [-0.0030425633303821087, -0.002951256697997451, -0.0028599498327821493, -0.0027686432003974915, -0.0026773365680128336, -0.0025860299356281757, -0.0024947230704128742, -0.0024034164380282164, -0.0023121098056435585, -0.0022208031732589006, -0.002129496308043599, -0.0020381896756589413, -0.0019468830432742834, -0.0018555762944743037, -0.001764269545674324, -0.0016729629132896662, -0.0015816561644896865, -0.0014903494156897068, -0.001399042783305049, -0.0013077360345050693, -0.0012164294021204114, -0.0011251226533204317, -0.0010338160209357738, -0.0009425092721357942, -0.0008512025233358145, -0.0007598958327434957, -0.0006685891421511769, -0.0005772823933511972, -0.0004859757318627089, -0.00039466904127039015, -0.0003033623215742409, -0.00021205563098192215, -0.00012074899859726429, -2.9442300728987902e-05, 6.186439713928849e-05, 0.0001531711022835225, 0.00024447779287584126, 0.00033578448346816003, 0.00042709120316430926, 0.000518397893756628, 0.0006097045261412859, 0.0007010112167336047, 0.0007923179073259234, 0.0008836246561259031, 0.000974931288510561, 0.0010662380373105407, 0.0011575447861105204, 0.0012488514184951782, 0.001340158167295158, 0.0014314649160951376, 0.0015227715484797955, 0.0016140782972797751, 0.001705384929664433, 0.0017966916784644127, 0.0018879983108490705, 0.0019793049432337284, 0.00207061180844903, 0.0021619184408336878, 0.0022532253060489893, 0.002344531938433647, 0.002435838570818305, 0.002527145203202963, 0.0026184520684182644, 0.0027097587008029222, 0.00280106533318758]}, "gradients/model.encoder.final_layer_norm.weight": {"_type": "histogram", "values": [1.0, 0.0, 0.0, 0.0, 1.0, 1.0, 0.0, 1.0, 3.0, 1.0, 1.0, 5.0, 1.0, 4.0, 6.0, 8.0, 11.0, 22.0, 22.0, 25.0, 45.0, 58.0, 92.0, 163.0, 84.0, 66.0, 35.0, 31.0, 18.0, 15.0, 12.0, 11.0, 4.0, 1.0, 2.0, 0.0, 6.0, 1.0, 0.0, 4.0, 0.0, 2.0, 0.0, 0.0, 1.0, 0.0, 1.0, 0.0, 0.0, 0.0, 0.0, 0.0, 0.0, 0.0, 0.0, 1.0, 0.0, 0.0, 1.0, 0.0, 0.0, 0.0, 0.0, 1.0],