{"gradients/mlp.1.bias": {"_type": "histogram", "values": [0.0, 0.0, 0.0, 0.0, 0.0, 0.0, 0.0, 0.0, 0.0, 0.0, 0.0, 0.0, 0.0, 0.0, 0.0, 0.0, 0.0, 0.0, 0.0, 0.0, 0.0, 0.0, 0.0, 0.0, 0.0, 0.0, 0.0, 0.0, 0.0, 0.0, 0.0, 0.0, 1.0, 0.0, 0.0, 0.0, 0.0, 0.0, 0.0, 0.0, 0.0, 0.0, 0.0, 0.0, 0.0, 0.0, 0.0, 0.0, 0.0, 0.0, 0.0, 0.0, 0.0, 0.0, 0.0, 0.0, 0.0, 0.0, 0.0, 0.0, 0.0, 0.0, 0.0, 0.0], "bins": [0.028134748339653015, 0.028134748339653015, 0.028134748339653015, 0.028134748339653015, 0.028134748339653015, 0.028134748339653015, 0.028134748339653015, 0.028134748339653015, 0.028134748339653015, 0.028134748339653015, 0.028134748339653015, 0.028134748339653015, 0.028134748339653015, 0.028134748339653015, 0.028134748339653015, 0.028134748339653015, 0.028134748339653015, 0.028134748339653015, 0.028134748339653015, 0.028134748339653015, 0.028134748339653015, 0.028134748339653015, 0.028134748339653015, 0.028134748339653015, 0.028134748339653015, 0.028134748339653015, 0.028134748339653015, 0.028134748339653015, 0.028134748339653015, 0.028134748339653015, 0.028134748339653015, 0.028134748339653015, 0.028134748339653015, 0.028134748339653015, 0.028134748339653015, 0.028134748339653015, 0.028134748339653015, 0.028134748339653015, 0.028134748339653015, 0.028134748339653015, 0.028134748339653015, 0.028134748339653015, 0.028134748339653015, 0.028134748339653015, 0.028134748339653015, 0.028134748339653015, 0.028134748339653015, 0.028134748339653015, 0.028134748339653015, 0.028134748339653015, 0.028134748339653015, 0.028134748339653015, 0.028134748339653015, 0.028134748339653015, 0.028134748339653015, 0.028134748339653015, 0.028134748339653015, 0.028134748339653015, 0.028134748339653015, 0.028134748339653015, 0.028134748339653015, 0.028134748339653015, 0.028134748339653015, 0.028134748339653015, 0.028134748339653015]}, "_timestamp": 1674218721.5011637, "gradients/mlp.1.weight": {"_type": "histogram", "values": [1.0, 0.0, 1.0, 1.0, 2.0, 1.0, 0.0, 1.0, 0.0, 1.0, 4.0, 3.0, 0.0, 4.0, 2.0, 2.0, 2.0, 8.0, 0.0, 4.0, 3.0, 3.0, 6.0, 6.0, 7.0, 7.0, 8.0, 7.0, 7.0, 10.0, 8.0, 8.0, 5.0, 10.0, 10.0, 16.0, 8.0, 7.0, 3.0, 7.0, 8.0, 6.0, 11.0, 9.0, 3.0, 6.0, 3.0, 4.0, 1.0, 3.0, 4.0, 3.0, 1.0, 1.0, 1.0, 3.0, 2.0, 0.0, 0.0, 2.0, 1.0, 0.0, 0.0, 1.0], "bins": [-0.014343963004648685, -0.013890824280679226, -0.013437684625387192, -0.012984545901417732, -0.012531407177448273, -0.012078267522156239, -0.011625128798186779, -0.011171989142894745, -0.010718850418925285, -0.010265711694955826, -0.009812572039663792, -0.009359433315694332, -0.008906293660402298, -0.008453154936432838, -0.008000016212463379, -0.007546877022832632, -0.007093737833201885, -0.006640598643571138, -0.0061874594539403915, -0.005734320729970932, -0.005281181540340185, -0.004828042350709438, -0.004374903626739979, -0.003921764437109232, -0.003468625247478485, -0.0030154860578477383, -0.002562347101047635, -0.002109208144247532, -0.001656068954616785, -0.0012029297649860382, -0.000749790808185935, -0.00029665185138583183, 0.000156487338244915, 0.00060962641146034, 0.001062765484675765, 0.00151590455789119, 0.001969043631106615, 0.002422182820737362, 0.002875321777537465, 0.0033284607343375683, 0.003781599923968315, 0.004234739113599062, 0.004687878303229809, 0.005141017027199268, 0.005594156216830015, 0.006047295406460762, 0.0065004341304302216, 0.006953573320060968, 0.007406712509691715, 0.007859851233661175, 0.008312990888953209, 0.008766129612922668, 0.009219268336892128, 0.009672407992184162, 0.010125546716153622, 0.010578686371445656, 0.011031825095415115, 0.011484963819384575, 0.011938103474676609, 0.012391242198646069, 0.012844381853938103, 0.013297520577907562, 0.013750659301877022, 0.014203798025846481, 0.014656937681138515]}, "gradients/mlp.0.bias": {"_type": "histogram", "values": [5.0, 3.0, 7.0, 5.0, 2.0, 1.0, 3.0, 4.0, 4.0, 6.0, 1.0, 5.0, 3.0, 2.0, 8.0, 4.0, 5.0, 7.0, 6.0, 6.0, 4.0, 3.0, 1.0, 0.0, 2.0, 4.0, 3.0, 2.0, 2.0, 8.0, 4.0, 4.0, 7.0, 4.0, 2.0, 3.0, 3.0, 5.0, 3.0, 4.0, 5.0, 3.0, 2.0, 4.0, 3.0, 3.0, 5.0, 3.0, 3.0, 2.0, 5.0, 7.0, 4.0, 5.0, 6.0, 5.0, 4.0, 4.0, 6.0, 5.0, 2.0, 4.0, 4.0, 7.0], "bins": [-0.0017478009685873985, -0.0016931454883888364, -0.0016384898917749524, -0.0015838344115763903, -0.0015291788149625063, -0.0014745233347639441, -0.001419867854565382, -0.001365212257951498, -0.0013105567777529359, -0.0012559012975543737, -0.0012012457009404898, -0.0011465902207419276, -0.0010919347405433655, -0.0010372791439294815, -0.0009826236637309194, -0.0009279681253246963, -0.0008733125869184732, -0.0008186570485122502, -0.0007640015101060271, -0.000709346029907465, -0.0006546904915012419, -0.0006000349530950189, -0.0005453794728964567, -0.0004907239344902337, -0.0004360683960840106, -0.00038141285767778754, -0.00032675734837539494, -0.00027210183907300234, -0.00021744630066677928, -0.00016279076226055622, -0.00010813525295816362, -5.347974365577102e-05, 1.1757947504520416e-06, 5.583131860475987e-05, 0.0001104868424590677, 0.00016514236631337553, 0.00021979789016768336, 0.0002744534285739064, 0.000329108937876299, 0.0003837644471786916, 0.0004384199855849147, 0.0004930755239911377, 0.0005477310623973608, 0.000602386542595923, 0.000657042081002146, 0.0007116976194083691, 0.0007663530996069312, 0.0008210086380131543, 0.0008756641764193773, 0.0009303197148256004, 0.0009849752532318234, 0.0010396307334303856, 0.0010942863300442696, 0.0011489418102428317, 0.0012035972904413939, 0.0012582528870552778, 0.00131290836725384, 0.0013675638474524021, 0.001422219444066286, 0.0014768749242648482, 0.0015315304044634104, 0.0015861860010772943, 0.0016408414812758565, 0.0016954969614744186, 0.0017501525580883026]}, "gradients/mlp.0.weight": {"_type": "histogram", "values": [5.0, 3.0, 7.0, 11.0, 9.0, 21.0, 22.0, 29.0, 36.0, 55.0, 66.0, 98.0, 165.0, 202.0, 267.0, 412.0, 551.0, 664.0, 921.0, 1215.0, 1438.0, 1929.0, 2535.0, 3203.0, 4017.0, 4971.0, 6028.0, 7249.0, 9103.0, 11112.0, 15795.0, 27183.0, 25908.0, 15373.0, 11164.0, 8995.0, 7279.0, 5853.0, 4907.0, 3899.0, 3124.0, 2500.0, 1962.0, 1502.0, 1265.0, 916.0, 687.0, 531.0, 412.0, 280.0, 190.0, 177.0, 100.0, 67.0, 50.0, 35.0, 28.0, 23.0, 27.0, 12.0, 5.0, 4.0, 4.0, 7.0], "bins": [-0.0021083708852529526, -0.0020424399990588427, -0.0019765091128647327, -0.0019105782266706228, -0.001844647340476513, -0.001778716454282403, -0.001712785684503615, -0.001646854798309505, -0.001580923912115395, -0.0015149930259212852, -0.0014490621397271752, -0.0013831312535330653, -0.0013172004837542772, -0.0012512695975601673, -0.0011853387113660574, -0.0011194078251719475, -0.0010534769389778376, -0.0009875460527837276, -0.0009216151665896177, -0.0008556843386031687, -0.0007897534524090588, -0.0007238225662149489, -0.0006578917382284999, -0.00059196085203439, -0.0005260299658402801, -0.00046009907964617014, -0.0003941682225558907, -0.0003282373654656112, -0.0002623064792715013, -0.00019637559307739139, -0.00013044473598711193, -6.451387889683247e-05, 1.4170072972774506e-06, 6.734787893947214e-05, 0.00013327875058166683, 0.00019920962222386152, 0.0002651404938660562, 0.0003310713800601661, 0.0003970022371504456, 0.00046293309424072504, 0.000528863980434835, 0.0005947948666289449, 0.0006607257528230548, 0.0007266565808095038, 0.0007925874670036137, 0.0008585183531977236, 0.0009244491811841726, 0.0009903800673782825, 0.0010563109535723925, 0.0011222418397665024, 0.0011881727259606123, 0.0012541036121547222, 0.0013200344983488321, 0.001385965384542942, 0.0014518961543217301, 0.00151782704051584, 0.00158375792670995, 0.0016496888129040599, 0.0017156196990981698, 0.0017815505852922797, 0.0018474813550710678, 0.0019134122412651777, 0.0019793431274592876, 0.0020452740136533976, 0.0021112048998475075]}, "gradients/model.encoder.final_layer_norm.weight": {"_type": "histogram",